team,fbrefid,matchclub,matchcountry
Aalborg,7e746554,Aalborg BK,Denmark
Aalborg (Den),7e746554,Aalborg BK,Denmark
Aberdeen (Sco),8bbab7cf,Aberdeen FC,Scotland
Aberystwyth (Wal),6dbe9dca,Aberystwyth Town FC,Wales
AC Milan,dc56fe14,AC Milan,Italy
AC Milan (Ita),dc56fe14,AC Milan,Italy
Admira (Aut),d7d06475,FC Admira Wacker Mödling,Austria
AEK Athens FC,d5348c80,AEK Athens FC,Greece
AEK Athens FC (Gre),d5348c80,AEK Athens FC,Greece
AEK Larnaca (Cyp),01689b1a,AEK Larnaca FC,Cyprus
AEL Limassol (Cyp),651288fd,AEL Limassol,Cyprus
AIK (Blu),b0333581,AIK Stockholm,Sweden
AIK (Swe),b0333581,AIK Stockholm,Sweden
Airbus (Wal),1a1d4c22,Airbus UK Broughton FC,Wales
Ajax,19c3f8c4,AFC Ajax,Netherlands
Ajax (Ned),19c3f8c4,AFC Ajax,Netherlands
Akademija Pandev (Mkd),99875d32,Akademija Pandev,North Macedonia
Aktobe (Kaz),c8282e20,FC Aktobe,Kazakhstan
Alashkert (Arm),e6232d10,Alashkert FC,Armenia
Altach (Aut),80beba99,SC Rheindorf Altach,Austria
Anderlecht,08ad393c,RSC Anderlecht,Belgium
Anderlecht (Bel),08ad393c,RSC Anderlecht,Belgium
Anorthosis (Cyp),d27fe90c,Anorthosis Famagusta FC,Cyprus
Antwerp,c2e6b53b,Royal Antwerp FC,Belgium
Antwerp (Bel),c2e6b53b,Royal Antwerp FC,Belgium
APOEL,eab315a6,APOEL FC,Cyprus
APOEL (Cyp),eab315a6,APOEL FC,Cyprus
Apollon (Cyp),8dff1828,Apollon Limassol,Cyprus
Ararat-Armenia (Arm),85dbecd4,FC Ararat-Armenia,Armenia
Aris (Gre),edddfa63,Aris Thessaloniki FC,Greece
Arka Gdynia (Pol),d51bc6dd,MKS Arka Gdynia,Poland
Arouca (Por),0d36ddd4,FC Arouca,Portugal
Arsenal,18bb7c10,Arsenal FC,England
Arsenal (Eng),18bb7c10,Arsenal FC,England
Arsenal Tula (Rus),0bca3a9e,FC Arsenal Tula,Russia
AS Roma,cf74a709,AS Roma,Italy
AS Roma (Ita),cf74a709,AS Roma,Italy
Asteras Tripolis (Gre),d884c383,Asteras Tripoli FC,Greece
Astra,12d53956,FC Astra Giurgiu,Romania
Astra (Rou),12d53956,FC Astra Giurgiu,Romania
Atalanta,922493f3,Atalanta BC,Italy
Atalanta (Ita),922493f3,Atalanta BC,Italy
Ath Bilbao,2b390eca,Athletic Bilbao,Spain
Ath Bilbao (Esp),2b390eca,Athletic Bilbao,Spain
Atl. Madrid,db3b9613,Atlético Madrid,Spain
Atlantas (Ltu),d7478aa0,FK Atlantas,Lithuania
Atromitos (Gre),c9607f44,Atromitos FC,Greece
Augsburg,0cdc4311,FC Augsburg,Germany
Austria Vienna (Aut),ee0bccc5,FK Austria Wien,Austria
AZ Alkmaar,3986b791,AZ Alkmaar,Netherlands
AZ Alkmaar (Ned),3986b791,AZ Alkmaar,Netherlands
B. Monchengladbach,32f3ee20,Borussia Mönchengladbach,Germany
B. Monchengladbach (Ger),32f3ee20,Borussia Mönchengladbach,Germany
B36 Torshavn,056a9b27,B36 Tórshavn,Faroe Islands
B36 Torshavn (Fai),056a9b27,B36 Tórshavn,Faroe Islands
Bala,56b45f69,Bala Town FC,Wales
Bala (Wal),56b45f69,Bala Town FC,Wales
Ballymena (Nir),b0e70933,Ballymena United FC,Northern Ireland
Balzan (Mlt),49e1cbfd,Balzan FC,Malta
Banga (Ltu),34cc3f19,FK Banga Gargždai,Lithuania
Bangor City (Wal),dd3fa21f,Bangor City FC,Wales
Barcelona,206d90db,FC Barcelona,Spain
Barry (Wal),d8760be1,Barry Town United FC,Wales
Basaksehir,bff39cf5,İstanbul Başakşehir FK,Turkey
Basaksehir (Tur),bff39cf5,İstanbul Başakşehir FK,Turkey
Basel,d3d9424a,FC Basel,Switzerland
Basel (Sui),d3d9424a,FC Basel,Switzerland
BATE,b983b638,FC BATE Borisov,Belarus
BATE (Blr),b983b638,FC BATE Borisov,Belarus
Bayer Leverkusen,c7a9f859,Bayer 04 Leverkusen,Germany
Bayer Leverkusen (Ger),c7a9f859,Bayer 04 Leverkusen,Germany
Bayern Munich,054efa67,FC Bayern Munich,Germany
Beitar Jerusalem (Isr),79000faa,Beitar Jerusalem FC,Israel
Belenenses (Por),19dc476f,CF Os Belenenses,Portugal
Benfica,a77c513e,SL Benfica,Portugal
Benfica (Por),a77c513e,SL Benfica,Portugal
Beroe (Bul),ab7b2fe7,PFC Beroe Stara Zagora,Bulgaria
Besiktas,0f9294bd,Beşiktaş JK,Turkey
Besiktas (Tur),0f9294bd,Beşiktaş JK,Turkey
Betis,fc536746,Real Betis,Spain
Birkirkara,7bb567b2,Birkirkara FC,Malta
Birkirkara (Mlt),7bb567b2,Birkirkara FC,Malta
Bnei Yehuda (Isr),1040e0f7,Bnei Yehuda Tel Aviv FC,Israel
Bokelj (Mne),9bc3bc52,FK Bokelj,Montenegro
Bolnisi (Geo),88ee782c,FC Sioni Bolnisi,Georgia
Bordeaux (Fra),123f3efe,FC Girondins de Bordeaux,France
Botev Plovdiv (Bul),e56e174a,PFC Botev Plovdiv,Bulgaria
Braga,69d84c29,SC Braga,Portugal
Braga (Por),69d84c29,SC Braga,Portugal
Brann (Nor),aeae4fe1,SK Brann,Norway
Breidablik (Ice),4a29fb1c,Breiðablik UBK,Iceland
Brest (Blr),31742d51,FC Dinamo Brest,Belarus
Brommapojkarna (Swe),bb9e11b2,IF Brommapojkarna,Sweden
Brondby (Den),ab75e049,Brøndby IF,Denmark
Buducnost (Mne),f4f98e1c,FK Budućnost Podgorica,Montenegro
Burnley (Eng),943e8050,Burnley FC,England
Bursaspor (Tur),6a3b81bf,Bursaspor,Turkey
Cardiff Metropolitan (Wal),4872ca3d,Cardiff Metropolitan University FC,Wales
Celik Niksic (Mne),738cdee0,FK Čelik Nikšić,Montenegro
Celje (Slo),c56c28b0,NK Celje,Slovenia
Celta Vigo,f25da7fb,Celta de Vigo,Spain
Celtic,b81aa4fa,Celtic FC,Scotland
Celtic (Sco),b81aa4fa,Celtic FC,Scotland
CFR Cluj,ff04e205,CFR Cluj,Romania
CFR Cluj (Rou),ff04e205,CFR Cluj,Romania
Ch. Odessa (Ukr),cdd0bbb6,FC Chornomorets Odesa,Ukraine
Charleroi (Bel),140e320a,R. Charleroi SC,Belgium
Chelsea,cff3d9bb,Chelsea FC,England
Cherno More (Bul),f61e60c9,PFC Cherno More Varna,Bulgaria
Chikhura (Geo),e839c85b,FC Chikhura Sachkhere,Georgia
Cliftonville (Nir),5a130b7c,Cliftonville FC,Northern Ireland
Club Brugge KV,f1e6c5f1,Club Brugge KV,Belgium
Club Brugge KV (Bel),f1e6c5f1,Club Brugge KV,Belgium
Coleraine (Nir),3fdad06c,Coleraine FC,Northern Ireland
Connahs Q. (Wal),7d326cbe,Gap Connah's Quay FC,Wales
Cork City (Irl),4936d1b7,Cork City FC,Ireland
Cracovia (Pol),6e7c9b0b,KS Cracovia,Poland
Crusaders (Nir),0b6cd7c6,Crusaders FC,Northern Ireland
CSKA Moscow,f0c0c2c2,PFC CSKA Moscow,Russia
CSKA Moscow (Rus),f0c0c2c2,PFC CSKA Moscow,Russia
CSKA Sofia (Bul),cbde2682,PFC CSKA Sofia,Bulgaria
Cukaricki (Srb),42e847bc,FK Čukarički,Serbia
D. Zagreb,edd0d381,GNK Dinamo Zagreb,Croatia
D. Zagreb (Cro),edd0d381,GNK Dinamo Zagreb,Croatia
Dacia Chisinau (Mda),3cb9ad76,FC Dacia Chișinău,Moldova
Daugava Riga (Lat),56b555e4,FK Daugava,Latvia
Debrecen (Hun),e24ac92e,Debreceni VSC,Hungary
Derry City (Nir),15f9a98b,Derry City FC,Ireland
Differdange (Lux),58ff3cd4,FC Differdange 03,Luxembourg
Dila Gori (Geo),ae098b55,FC Dila Gori,Georgia
Din. Bucuresti (Rou),4472d406,FC Dinamo București,Romania
Din. Minsk (Blr),e2a78c9d,FC Dinamo Minsk,Belarus
Dinamo Batumi (Geo),840ff2b7,FC Dinamo Batumi,Georgia
Dinamo Tbilisi (Geo),e2fa043d,FC Dinamo Tbilisi,Georgia
Djurgarden (Swe),9423c05a,Djurgårdens IF,Sweden
Dnipro,c4770a69,FC Dnipro,Ukraine
Dnipro (Ukr),c4770a69,FC Dnipro,Ukraine
Domzale (Slo),8ac05d3e,NK Domžale,Slovenia
Dortmund,add600ae,Borussia Dortmund,Germany
Dortmund (Ger),add600ae,Borussia Dortmund,Germany
Drita (Kos),77b23ba3,KF Drita,Kosovo
Druids,0876564a,Cefn Druids AFC,Wales
Dudelange (Lux),baae133b,F91 Dudelange,Luxembourg
Dun. Streda (Svk),b11bfada,FC DAC 1904 Dunajská Streda,Slovakia
Dunav Ruse (Bul),97171221,FC Dunav Ruse,Bulgaria
Dundalk (Irl),e4a9d483,Dundalk FC,Ireland
DVTK (Hun),e4babb95,Diósgyőri VTK,Hungary
Dyn. Kyiv,c734e22f,FC Dynamo Kyiv,Ukraine
Dyn. Kyiv (Ukr),c734e22f,FC Dynamo Kyiv,Ukraine
Dynamo Moscow,541a280b,FC Dynamo Moscow,Russia
Dynamo Moscow (Rus),541a280b,FC Dynamo Moscow,Russia
Eintracht Frankfurt,f0ac8ee6,Eintracht Frankfurt,Germany
Eintracht Frankfurt (Ger),f0ac8ee6,Eintracht Frankfurt,Germany
Ekranas (Ltu),3ca079d2,FK Ekranas,Lithuania
Elfsborg (Swe),50e85bfc,IF Elfsborg,Sweden
Ermis (Cyp),5ac58233,Ermis Aradippou,Cyprus
Ertis Pavlodar (Kaz),db5a37c5,FC Irtysh Pavlodar,Kazakhstan
Esbjerg (Den),31aa0dd4,Esbjerg fB,Denmark
Espanyol,a8661628,RCD Espanyol,Spain
Espanyol (Esp),a8661628,RCD Espanyol,Spain
Europa FC,75cd4ee3,Europa FC,Gibraltar
Europa FC (Gib),75cd4ee3,Europa FC,Gibraltar
Everton,d3fd31cc,Everton FC,England
Everton (Eng),d3fd31cc,Everton FC,England
FC Astana,c72c8787,FC Astana,Kazakhstan
FC Astana (Kaz),c72c8787,FC Astana,Kazakhstan
FC Botosani (Rou),d921c99f,FC Botoșani,Romania
FC Copenhagen,18050b20,FC Copenhagen,Denmark
FC Copenhagen (Den),18050b20,FC Copenhagen,Denmark
FC Daugava (Lat),2fc6183e,FC Daugava,Latvia
FC Porto,5e876ee6,FC Porto,Portugal
FC Porto (Por),5e876ee6,FC Porto,Portugal
FC Santa Coloma (And),9549dc95,FC Santa Coloma,Andorra
FC Tiraspol (Mda),6e8ad38a,FC Tiraspol,Moldova
FCSB,aed59852,FCSB,Romania
FCSB (Rou),aed59852,FCSB,Romania
Fenerbahce,ae1e2d7d,Fenerbahçe SK,Turkey
Fenerbahce (Tur),ae1e2d7d,Fenerbahçe SK,Turkey
Ferencvaros (Hun),6611f992,Ferencvárosi TC,Hungary
Feronikeli (Kos),abffa138,KF Feronikeli,Albania
Feyenoord,fb4ca611,Feyenoord Rotterdam,Netherlands
Feyenoord (Ned),fb4ca611,Feyenoord Rotterdam,Netherlands
Fiorentina,421387cf,ACF Fiorentina,Italy
FK Crvena zvezda,099c6eb5,Red Star Belgrade,Serbia
FK Crvena zvezda (Srb),099c6eb5,Red Star Belgrade,Serbia
FK Liepaja (Lat),54f29d7b,FK Liepāja,Latvia
FK Rostov,d60423ef,FC Rostov,Russia
FK Rostov (Rus),d60423ef,FC Rostov,Russia
FK Sarajevo (Bih),fac9957a,FK Sarajevo,Bosnia and Herzegovina
FK Zorya Luhansk (Ukr),946a30cb,FC Zorya Luhansk,Ukraine
Flamurtari (Alb),3d81ccdb,Flamurtari Vlorë,Albania
Flora (Est),719d83f1,FC Flora,Estonia
Floriana (Mlt),9c088d4e,Floriana FC,Malta
Fola (Lux),aa065002,CS Fola Esch,Luxembourg
Folgore,c582b1da,SS Folgore Falciano Calcio,San Marino
Folgore (San),c582b1da,SS Folgore Falciano Calcio,San Marino
Fram (Ice),5a8bd0bd,Knattspyrnufélagið Fram,Iceland
Freiburg (Ger),a486e511,SC Freiburg,Germany
G.A. Eagles (Ned),e33d6108,Go Ahead Eagles,Netherlands
Gabala (Aze),a1962466,Gabala FK,Azerbaijan
Galatasaray,ecd11ca2,Galatasaray SK,Turkey
Galatasaray (Tur),ecd11ca2,Galatasaray SK,Turkey
Gandzasar (Arm),5f2630fb,Gandzasar Kapan FC,Armenia
Genk,1e972a99,KRC Genk,Belgium
Genk (Bel),1e972a99,KRC Genk,Belgium
Gent,51e5a603,KAA Gent,Belgium
Gent (Bel),51e5a603,KAA Gent,Belgium
Getafe,7848bd64,Getafe CF,Spain
Giannina (Gre),6507d2b8,PAS Giannina,Greece
Glenavon (Nir),b3b6ca5d,Glenavon FC,Northern Ireland
Glentoran (Nir),eaa4ec68,Glentoran FC,Northern Ireland
Gornik Z. (Pol),d2f21b23,KS Górnik Zabrze,Poland
Goteborg (Swe),ef1ab26a,IFK Göteborg,Sweden
Granada CF,a0435291,Granada CF,Spain
Grasshoppers (Sui),7b66a29c,Grasshopper Club Zürich,Switzerland
Grodig (Aut),d40080b0,SV Grödig,Austria
Groningen (Ned),bec05adb,FC Groningen,Netherlands
Guimaraes (Por),3f319bc9,Vitória de Guimarães,Portugal
Guingamp,d41b5f53,En Avant de Guingamp,France
Gyor (Hun),4149e9fd,Győri ETO FC,Hungary
Gzira,8ab497d5,Gżira United FC,Malta
Gzira (Mlt),8ab497d5,Gżira United FC,Malta
H. Beer Sheva,133013ee,Hapoel Be'er Sheva FC,Israel
H. Beer Sheva (Isr),133013ee,Hapoel Be'er Sheva FC,Israel
Hacken (Swe),8774e267,BK Häcken,Sweden
Hafnarfjordur (Ice),9ac2ced1,Fimleikafélag Hafnarfjarðar,Iceland
Hajduk Split (Cro),6777e16d,HNK Hajduk Split,Croatia
Hapoel Haifa (Isr),8ff9960d,Hapoel Haifa FC,Israel
Hapoel Tel Aviv (Isr),8bb196a5,Hapoel Tel Aviv FC,Israel
Haugesund (Nor),f4bbcd04,FK Haugesund,Norway
Haugesund (Red),f4bbcd04,FK Haugesund,Norway
HB Torshavn (Fai),15c5743b,Havnar Bóltfelag,Faroe Islands
Hearts (Sco),7c77b0bc,Heart of Midlothian FC,Scotland
Heracles (Ned),c882b88e,Heracles Almelo,Netherlands
Hertha Berlin (Ger),2818f8bc,Hertha BSC,Germany
Hibernian (Sco),f3aacc58,Hibernian FC,Scotland
Hibernians (Mlt),0faf8f33,Hibernians FC,Malta
HJK (Fin),d7319d80,HJK Helsinki,Finland
Hoffenheim,033ea6b8,TSG 1899 Hoffenheim,Germany
Hoffenheim (Ger),033ea6b8,TSG 1899 Hoffenheim,Germany
Honka (Fin),c3071553,FC Honka,Finland
Honved (Hun),8cac5dfa,Budapest Honvéd FC,Hungary
Hull (Eng),bd8769d1,Hull City AFC,England
IF Fuglafjordur (Fai),b393ffaf,ÍF Fuglafjørður,Faroe Islands
Ilves (Fin),acffac85,FC Ilves,Finland
Infonet Tallinn (Est),82d952b5,FC Infonet,Estonia
Inter,d609edc0,Internazionale,Italy
Inter (Ita),d609edc0,Internazionale,Italy
Inter Turku (Fin),e9fa2e8b,FC Inter Turku,Finland
Inverness (Sco),4463fecb,Inverness Caledonian Thistle FC,Scotland
Jablonec (Cze),8424bb18,FK Jablonec,Czech Republic
Jagiellonia (Pol),4f7b798d,Jagiellonia Białystok,Poland
Jagodina (Srb),e5cd7bb3,FK Jagodina,Serbia
Jelgava (Lat),8a898dad,FK Jelgava,Latvia
Jeunesse Esch (Lux),f1849f98,Jeunesse Esch,Luxembourg
Juvenes/Dogana (San),633ae161,AC Juvenes/Dogana,San Marino
Juventus,e0652b02,Juventus,Italy
K. Almaty (Kaz),768fb565,FC Kairat,Kazakhstan
Kalju (Est),33afefe1,Nõmme Kalju FC,Estonia
Kapaz (Aze),820a1312,Kapaz PFK,Azerbaijan
Kardemir Karabuk (Tur),30f3de93,Kardemir Karabükspor,Turkey
Kauno Zalgiris (Ltu),3b8af0c2,FK Kauno Žalgiris,Lithuania
Keshla (Aze),63866313,Keşla FK,Azerbaijan
KF Tirana (Alb),83310fa5,KF Tirana,Albania
Kilmarnock (Sco),25f1fd26,Kilmarnock FC,Scotland
Klaksvik,869753d6,KÍ Klaksvík,Faroe Islands
Klaksvik (Fai),869753d6,KÍ Klaksvík,Faroe Islands
Koper (Slo),253fffc4,FC Koper,Slovenia
KR Reykjavik (Ice),ae156985,Knattspyrnufélag Reykjavíkur,Iceland
Krasnodar,fa11a9cc,FC Krasnodar,Russia
Krasnodar (Rus),fa11a9cc,FC Krasnodar,Russia
Kruoja (Ltu),2471f5fa,FK Kruoja Pakruojis,Lithuania
Kukesi (Alb),f1e85b1e,FK Kukësi,Albania
KuPS (Fin),e6f63673,Kuopion PS,Finland
La Fiorita (Gr2),6de42722,S.P. La Fiorita,San Marino
La Fiorita (San),6de42722,S.P. La Fiorita,San Marino
Laci (Alb),7a40cd8b,KF Laçi,Albania
Lahti (Fin),5b8cfb05,FC Lahti,Finland
LASK,d20821dd,LASK Linz,Austria
LASK (Aut),d20821dd,LASK Linz,Austria
LASK Linz (Aut),d20821dd,LASK Linz,Austria
Lazio,7213da33,SS Lazio,Italy
Lazio (Ita),7213da33,SS Lazio,Italy
Lech Poznan (Pol),fdba14df,KKS Lech Poznań,Poland
Lechia Gdansk (Pol),5d36c8f0,KS Lechia Gdańsk,Poland
Legia,a73408a7,Legia Warsaw,Poland
Legia (Pol),a73408a7,Legia Warsaw,Poland
Leicester,a2d435b3,Leicester City FC,England
Levadia (Est),112c9642,FC Levadia Tallinn,Estonia
Levski Sofia (Bul),3a7a27c6,PFC Levski Sofia,Bulgaria
Liberec (Cze),2c9bebcd,FC Slovan Liberec,Czech Republic
Libertas (San),1286546c,AC Libertas,San Marino
Lille,cb188c0c,Lille OSC,France
Lille (Fra),cb188c0c,Lille OSC,France
Lillestrom (Nor),924759ab,Lillestrøm SK,Norway
Lincoln Red Imps (Gib),2d3c1b6d,Lincoln Red Imps FC,Gibraltar
Linfield (Nir),4c96013a,Linfield FC,Northern Ireland
Litex Lovech (Bul),835be610,PFC Litex Lovech,Bulgaria
Liverpool,822bd0ba,Liverpool FC,England
Liverpool (Eng),822bd0ba,Liverpool FC,England
Llandudno (Wal),63235dc5,Llandudno FC,Wales
Lok. Plovdiv (Bul),e0242ef1,PFC Lokomotiv Plovdiv,Bulgaria
Lok. Zagreb (Cro),ea115eb3,NK Lokomotiva,Croatia
Lokeren (Bel),bada91db,Sporting Lokeren,Belgium
Lokomotiv Moscow,5a8dc328,FC Lokomotiv Moscow,Russia
Lokomotiv Moscow (Rus),5a8dc328,FC Lokomotiv Moscow,Russia
Lovcen (Mne),a7dfc896,FK Lovćen,Montenegro
Ludogorets,488c6ba1,PFC Ludogorets Razgrad,Bulgaria
Ludogorets (Bul),488c6ba1,PFC Ludogorets Razgrad,Bulgaria
Luftetari Gjirokastra (Alb),0e3f0159,Luftëtari Gjirokastër,Albania
Lusitanos (And),857b60c3,FC Lusitanos,Andorra
Luzern (Sui),d423a378,FC Luzern,Switzerland
Lyngby (Den),713d0672,Lyngby BK,Denmark
Lyon,d53c0b06,Olympique Lyonnais,France
Lyon (Fra),d53c0b06,Olympique Lyonnais,France
Maccabi Haifa (Isr),187832f5,Maccabi Haifa FC,Israel
Maccabi Tel Aviv,04c011d8,Maccabi Tel Aviv FC,Israel
Maccabi Tel Aviv (Isr),04c011d8,Maccabi Tel Aviv FC,Israel
Mainz (Ger),a224b06a,1. FSV Mainz 05,Germany
Makedonija GP (Mkd),5130dd3e,FK Makedonija Gjorče Petrov,North Macedonia
Malmo FF,f3d8c8b9,Malmö FF,Sweden
Malmo FF (Swe),f3d8c8b9,Malmö FF,Sweden
Manchester City,b8fd03ef,Manchester City FC,England
Manchester City (Eng),b8fd03ef,Manchester City FC,England
Manchester Utd,19538871,Manchester United FC,England
Manchester Utd (Eng),19538871,Manchester United FC,England
Maribor (Slo),2aae7689,NK Maribor,Slovenia
Mariehamn (Fin),c4e86b86,IFK Mariehamn,Finland
Maritimo (Por),c1b0f61b,CS Marítimo,Portugal
Mariupol (Ukr),42b37a13,FC Mariupol,Ukraine
Marseille,5725cc7b,Olympique de Marseille,France
Marseille (Fra),5725cc7b,Olympique de Marseille,France
Met. Skopje (Mkd),fd36fea1,FK Metalurg Skopje,North Macedonia
Metalist Kharkiv (Ukr),44ef020f,FC Metalist Kharkiv,Ukraine
Midtjylland,3c4fb635,FC Midtjylland,Denmark
Midtjylland (Den),3c4fb635,FC Midtjylland,Denmark
Mika (Arm),9558d297,FC Mika,Armenia
Milsami (Mda),7795f801,FC Milsami Orhei,Moldova
Mlada Boleslav (Cze),70c92f33,FK Mladá Boleslav,Czech Republic
Mladost (Srb),9db96189,FK Mladost Lučani,Serbia
MOL Fehervar (Hun),a338349f,MOL Fehérvár FC,Hungary
Molde,174bd5a0,Molde FK,Norway
Molde (Blu),174bd5a0,Molde FK,Norway
Molde (Nor),174bd5a0,Molde FK,Norway
Monaco,fd6114db,AS Monaco FC,France
Monaco (Fra),fd6114db,AS Monaco FC,France
Motherwell (Sco),9d04848a,Motherwell FC,Scotland
MTK Budapest (Hun),e44db2c6,MTK Budapest FC,Hungary
Mura (Slo),43a5e45a,NŠ Mura,Slovenia
Myjava (Svk),591295f1,Spartak Myjava,Slovakia
MyPa (Fin),251418b2,Myllykosken Pallo −47,Finland
Nacional (Por),5c9eb756,CD Nacional,Portugal
Napoli,d48ad4ff,SSC Napoli,Italy
Napoli (Ita),d48ad4ff,SSC Napoli,Italy
Narva (Est),8a9775ad,JK Narva Trans,Estonia
ND Gorica (Slo),e404a61d,ND Gorica,Slovenia
Neftci Baku (Aze),d0ab5e26,Neftchi PFK,Azerbaijan
Neman (Blr),28e7926c,FC Neman Grodno,Belarus
Newtown (Wal),584106a8,Newtown AFC,Wales
Nice,132ebc33,OGC Nice,France
Nice (Fra),132ebc33,OGC Nice,France
Niedercorn (Lux),ec560e72,FC Progrès Niederkorn,Luxembourg
Nordsjaelland (Den),1850e3f9,FC Nordsjælland,Denmark
Norrkoping (Swe),1d0836d6,IFK Norrköping,Sweden
NSI Runavik (Fai),448e1bb9,NSÍ Runavík,Faroe Islands
O. Ljubljana (Slo),8ae75624,NK Olimpija Ljubljana,Slovenia
Odd (Nor),b70ec3fa,Odds BK,Norway
Oleksandriya (Ukr),797d38d2,FC Oleksandriya,Ukraine
Olimpic Sarajevo (Bih),63bc42eb,FK Olimpic,Bosnia and Herzegovina
Olimpik Donetsk (Ukr),4deda092,FC Olimpik Donetsk,Ukraine
Olympiacos Piraeus,2fdb4aef,Olympiacos FC,Greece
Olympiacos Piraeus (Gre),2fdb4aef,Olympiacos FC,Greece
Omonia (Cyp),15e031af,AC Omonia,Cyprus
Oostende (Bel),95b895fe,KV Oostende,Belgium
Ordabasy (Kaz),38bfcdf5,FC Ordabasy,Kazakhstan
Osijek (Cro),57d14db5,NK Osijek,Croatia
Osmanlispor,ed6b1d21,Osmanlıspor FK,Turkey
Osmanlispor (Tur),ed6b1d21,Osmanlıspor FK,Turkey
Ostersunds,577e2606,Östersunds FK,Sweden
Ostersunds (Swe),577e2606,Östersunds FK,Sweden
Panathinaikos (Gre),f3a5726c,Panathinaikos FC,Greece
Pandurii (Rou),46554cb7,CS Pandurii Târgu Jiu,Romania
Panionios (Gre),1ad6cc2c,Panionios FC,Greece
PAOK,5a5e7874,PAOK FC,Greece
PAOK (Gre),5a5e7874,PAOK FC,Greece
Paris SG,e2d8892c,Paris Saint-Germain FC,France
Partizan,dde3e804,FK Partizan,Serbia
Partizan (Srb),dde3e804,FK Partizan,Serbia
Partizani (Alb),3ba2fddf,FK Partizani Tirana,Albania
Pelister (Mkd),6d2aac76,FK Pelister,North Macedonia
Petrocub (Mda),ae96366c,FC Petrocub Sărata-Galbenă,Moldova
Petrolul (Rou),4f30dd8b,FC Petrolul Ploiești,Romania
Piast Gliwice (Pol),ad2649a5,GKS Piast Gliwice,Poland
Plzen,02cd81bf,FC Viktoria Plzeň,Czech Republic
Plzen (Cze),02cd81bf,FC Viktoria Plzeň,Czech Republic
Poli Iasi (Rou),c12c3ccf,FC Politehnica Iași,Romania
Prishtina,7de37644,FC Prishtina,Kosovo
Prishtina (Kos),7de37644,FC Prishtina,Kosovo
PSV,e334d850,PSV Eindhoven,Netherlands
PSV (Ned),e334d850,PSV Eindhoven,Netherlands
Pyunik Yerevan (Arm),03022534,FC Pyunik,Armenia
Qarabag (Aze),44b65410,Qarabağ FK,Azerbaijan
Rabotnicki (Mkd),4ebc9920,FK Rabotnički,North Macedonia
Racing Luxembourg (Lux),406252ea,Racing FC Union Luxembourg,Luxembourg
Radnicki Nis (Srb),72804f2b,FK Radnički Niš,Serbia
Radnik Bijeljina (Bih),7e4fae05,FK Radnik Bijeljina,Bosnia and Herzegovina
Randers FC (Den),d06bc460,Randers FC,Denmark
Rangers,86b7acd2,Rangers FC,Scotland
Rangers (Sco),86b7acd2,Rangers FC,Scotland
Rapid Vienna,912e4c40,SK Rapid Wien,Austria
Rapid Vienna (Aut),912e4c40,SK Rapid Wien,Austria
RB Leipzig,acbb6a5b,RB Leipzig,Germany
RB Leipzig (Ger),acbb6a5b,RB Leipzig,Germany
Real Madrid,53a2f082,Real Madrid CF,Spain
Real Sociedad,e31d1cd9,Real Sociedad,Spain
Real Sociedad (Esp),e31d1cd9,Real Sociedad,Spain
Rennes,b3072e00,Stade Rennais FC,France
Renova (Mkd),623ecff4,FK Renova,North Macedonia
RFS (Lat),7c90642e,FK Rīgas Futbola skola,Latvia
Riga FC (Lat),91cc0413,Riga FC,Latvia
Rijeka (Cro),25dbe099,HNK Rijeka,Croatia
Rio Ave (Por),eea856da,Rio Ave FC,Portugal
Riteriai,49a61d12,FK Riteriai,Lithuania
Riteriai (Ltu),49a61d12,FK Riteriai,Lithuania
RNK Split (Cro),27b6696c,RNK Split,Croatia
Rosenborg (Blu),90e37d3a,Rosenborg BK,Norway
Rosenborg (Nor),90e37d3a,Rosenborg BK,Norway
Rovaniemi (Fin),4fea542b,Rovaniemen PS,Finland
Rubin Kazan (Rus),5625a7da,FC Rubin Kazan,Russia
Ruch Chorzow (Pol),c39b0fab,KS Ruch Chorzów,Poland
Rudar (Mne),fe8bc2a6,FK Rudar Pljevlja,Montenegro
Rudar (Slo),933ac71c,NK Rudar Velenje,Slovenia
Ruzomberok (Svk),356c100c,MFK Ružomberok,Slovakia
Sabail (Aze),6642b67e,Sabail FK,Azerbaijan
Saburtalo Tbilisi (Geo),672ebb3d,FC Saburtalo Tbilisi,Georgia
Salzburg,50f2a074,FC Red Bull Salzburg,Austria
Salzburg (Aut),50f2a074,FC Red Bull Salzburg,Austria
Sampdoria (Ita),8ff9e3b3,UC Sampdoria,Italy
Samtredia (Geo),b8b2d55e,FC Samtredia,Georgia
Sant Julia,78816dd0,UE Sant Julià,Andorra
Sant Julia (And),78816dd0,UE Sant Julià,Andorra
Santos Tartu (Est),0d984553,FC Santos Tartu,Estonia
Sarpsborg 08 (Nor),47b3e736,Sarpsborg 08 FF,Norway
Sassuolo (Ita),e2befd26,US Sassuolo Calcio,Italy
Saxan Gagauz Yeri (Mda),8c424f8f,FC Saxan,Moldova
Schalke,c539e393,FC Schalke 04,Germany
Sevilla,ad2be733,Sevilla FC,Spain
Sevilla (Esp),ad2be733,Sevilla FC,Spain
Shakhtar Donetsk,e89d5a28,FC Shakhtar Donetsk,Ukraine
Shakhtar Donetsk (Ukr),e89d5a28,FC Shakhtar Donetsk,Ukraine
Shakhtar Karagandy (Kaz),a8ba56e5,FC Shakhter Karagandy,Kazakhstan
Shakhtyor Soligorsk (Blr),7517d495,FC Shakhtyor Soligorsk,Belarus
Shamrock Rovers (Irl),f082c4f3,Shamrock Rovers FC,Ireland
Sheriff Tiraspol (Mda),50995c1e,FC Sheriff Tiraspol,Moldova
Shirak Gyumri (Arm),8771d9cd,FC Shirak,Armenia
Shkendija (Mkd),c480c810,FK Shkëndija,North Macedonia
Shkupi (Mkd),7416e9cd,FK Shkupi,North Macedonia
Shmona (Isr),4b238d92,Hapoel Ironi Kiryat Shmona FC,Israel
Sigma Olomouc (Cze),41c6978d,SK Sigma Olomouc,Czech Republic
Sileks (Mkd),0a6448a7,FK Sileks,North Macedonia
Sillamae (Est),7bc6abf1,JK Sillamäe Kalev,Estonia
Sion,2eaa8331,FC Sion,Switzerland
Sion (Sui),2eaa8331,FC Sion,Switzerland
Siroki Brijeg (Bih),584d189a,NK Široki Brijeg,Bosnia and Herzegovina
SJK (Fin),c889f292,Seinäjoen SJK,Finland
Skenderbeu (Alb),df526548,KF Skënderbeu Korçë,Albania
Skonto (Lat),89873a40,Skonto FC,Latvia
Slask Wroclaw (Pol),c582b57f,WKS Śląsk Wrocław,Poland
Slavia Prague,111cbfb1,SK Slavia Prague,Czech Republic
Slavia Prague (Cze),111cbfb1,SK Slavia Prague,Czech Republic
Slavia Sofia (Bul),b35f18af,PFC Slavia Sofia,Bulgaria
Sliema (Mlt),7465f27b,Sliema Wanderers FC,Malta
Sligo Rovers (Irl),0baacc84,Sligo Rovers FC,Ireland
Sloboda (Bih),a3548289,FK Sloboda Tuzla,Bosnia and Herzegovina
Slovan Bratislava (Svk),ae7f2f70,ŠK Slovan Bratislava,Slovakia
Sonderjyske (Den),7700eac9,SønderjyskE Fodbold,Denmark
Southampton (Eng),33c895d4,Southampton FC,England
Sp. Subotica (Srb),6d139ec5,FK Spartak Subotica,Serbia
Sparta Prague,ecb862be,AC Sparta Prague,Czech Republic
Sparta Prague (Cze),ecb862be,AC Sparta Prague,Czech Republic
Spartak Moscow,8c635914,FC Spartak Moscow,Russia
Spartak Moscow (Rus),8c635914,FC Spartak Moscow,Russia
Spartaks (Lat),654ac5a4,FK Spartaks Jūrmala,Latvia
Speranta Nisporeni (Mda),78b01d1b,Speranța Nisporeni,Moldova
Sporting,13dc44fd,Sporting CP,Portugal
Sporting (Por),13dc44fd,Sporting CP,Portugal
St Etienne,d298ef2c,AS Saint-Étienne,France
St Etienne (Fra),d298ef2c,AS Saint-Étienne,France
St Johnstone (Sco),dd289621,St Johnstone FC,Scotland
St Josephs,bb780485,St. Joseph's FC,Gibraltar
St Josephs (Gib),bb780485,St. Joseph's FC,Gibraltar
St. Gallen (Sui),cdaf4e6d,FC St. Gallen,Switzerland
St. Liege (Bel),33c6b26e,Standard Liège,Belgium
St. Patricks (Irl),8a814429,St Patrick's Athletic FC,Ireland
St. Polten (Aut),f722bd04,SKN St. Pölten,Austria
Stabaek (Nor),c2153ae4,Stabæk Fotball,Norway
Stjarnan (Ice),f13065a8,Stjarnan,Iceland
Strasbourg (Fra),c0d3eab4,RC Strasbourg Alsace,France
Stromsgodset (Nor),90eb0dcc,Strømsgodset Toppfotball,Norway
Stumbras (Ltu),31ef340d,FC Stumbras,Lithuania
Sturm Graz (Aut),3f4fe568,SK Sturm Graz,Austria
Suduva (Ltu),9e3153f3,FK Sūduva Marijampolė,Lithuania
Sutjeska (Mne),55ff3845,FK Sutjeska Nikšić,Montenegro
Targu Mures (Rou),c7d6f62e,ASA Târgu Mureș,Romania
Teuta (Alb),2b924bc5,KF Teuta Durrës,Albania
Thun (Sui),9ae758c2,FC Thun,Switzerland
Titograd (Mne),8dc7bf66,OFK Titograd,Montenegro
TNS (Wal),fd12ff13,The New Saints FC,Wales
Tobol (Kaz),8c6383a1,FC Tobol,Kazakhstan
Torino,105360fe,Torino FC,Italy
Torino (Ita),105360fe,Torino FC,Italy
Torpedo Kutaisi (Geo),231f4a61,FC Torpedo Kutaisi,Georgia
Tottenham,361ca564,Tottenham Hotspur FC,England
Tottenham (Eng),361ca564,Tottenham Hotspur FC,England
Trabzonspor,c8ad3091,Trabzonspor,Turkey
Trabzonspor (Tur),c8ad3091,Trabzonspor,Turkey
Tre Fiori,017bcbe4,S.P. Tre Fiori,San Marino
Tre Fiori (Gr2),017bcbe4,S.P. Tre Fiori,San Marino
Tre Fiori (San),017bcbe4,S.P. Tre Fiori,San Marino
Tre Penne (Gr2),aaffe678,S.P. Tre Penne,San Marino
Tre Penne (San),aaffe678,S.P. Tre Penne,San Marino
Trencin (Svk),d8b8c85b,FK AS Trenčín,Slovakia
Trepca 89 (Kos),cc98b556,KF Trepça'89,Kosovo
Trnava (Svk),c16f1fe7,FC Spartak Trnava,Slovakia
Tromso (Nor),a3ee587a,Tromsø IL,Norway
Tskhinvali (Geo),e6561daf,FC Spartaki Tskhinvali,Georgia
Turnovo (Mkd),3927dae8,FK Turnovo,North Macedonia
Twente (Ned),a1f721d3,FC Twente,Netherlands
U Craiova (Rou),1eebf7c3,CS Universitatea Craiova,Romania
UC Dublin (Irl),04dcef70,University College Dublin AFC,Ireland
UE Engordany,b784c866,UE Engordany,Andorra
UE Engordany (And),b784c866,UE Engordany,Andorra
UE Santa Coloma (And),84a33cca,UE Santa Coloma,Andorra
Ufa (Rus),ec7fdeb7,FC Ufa,Russia
Ujpest (Hun),108607cf,Újpest FC,Hungary
Ulisses Yerevan (Arm),3bc8afc5,Ulisses FC,Armenia
Univ. Craiova (Rou),1eebf7c3,CS Universitatea Craiova,Romania
Urartu (Arm),f0e1ca42,FC Banants,Armenia
Utrecht (Ned),2a428619,FC Utrecht,Netherlands
Vaduz (Lie),b1b46fc3,FC Vaduz,Liechtenstein
Valencia,dcc91a7b,Valencia CF,Spain
Valencia (Esp),dcc91a7b,Valencia CF,Spain
Valletta (Mlt),3f53cc7a,Valletta FC,Malta
Valur (Ice),b838366a,Valur,Iceland
Vardar (Mkd),5b47810a,FK Vardar,North Macedonia
Vasas (Hun),bbb935cb,Vasas FC,Hungary
Ventspils (Lat),869a3b6a,FK Ventspils,Latvia
Veris Chisinau (Mda),33a249c1,FC Veris Chișinău,Moldova
Vestmannaeyjar (Ice),e0afb445,Íþróttabandalag Vestmannaeyja,Iceland
Viitorul Constanta (Rou),4fffe901,FC Viitorul Constanța,Romania
Vikingur (Fai),ea73b616,Víkingur Gøta,Faroe Islands
Vikingur Reykjavik (Ice),ead990c4,Knattspyrnufélagið Víkingur,Iceland
Villarreal,2a8183b3,Villarreal CF,Spain
Villarreal (Esp),2a8183b3,Villarreal CF,Spain
Vitebsk (Blr),3f2bd811,FC Vitebsk,Belarus
Vitesse (Ned),209d7fa2,Vitesse Arnhem,Netherlands
Vitoria Guimaraes (Por),3f319bc9,Vitória de Guimarães,Portugal
Vojvodina (Srb),278db974,FK Vojvodina,Serbia
Vorskla Poltava (Ukr),99f258c2,FC Vorskla Poltava,Ukraine
VPS (Fin),8b63ce55,Vaasan PS,Finland
VSS Kosice (Svk),f75c6442,MFK Košice,Slovakia
Waregem (Bel),ecd34b98,SV Zulte Waregem,Belgium
West Ham (Eng),7c21e445,West Ham United FC,England
Wolfsberger AC,426658a6,Wolfsberger AC,Austria
Wolfsberger AC (Aut),426658a6,Wolfsberger AC,Austria
Wolfsburg,4eaa11d7,VfL Wolfsburg,Germany
Wolves,8cec06e1,Wolverhampton Wanderers FC,England
Wolves (Eng),8cec06e1,Wolverhampton Wanderers FC,England
Yeni Malatyaspor (Tur),4cc7a87b,Yeni Malatyaspor,Turkey
Young Boys,4b682260,BSC Young Boys,Switzerland
Young Boys (Sui),4b682260,BSC Young Boys,Switzerland
Zaglebie (Pol),3458af25,KGHM Zagłębie Lubin,Poland
Zalgiris (Ltu),4c6489de,VMFD Žalgiris Vilnius,Lithuania
Zaria Balti (Mda),99a0526b,FC Zaria Bălți,Moldova
Zawisza (Pol),25a0a787,SP Zawisza Bydgoszcz,Poland
Zeljeznicar (Bih),ee945014,FK Željezničar Sarajevo,Bosnia and Herzegovina
Zenit,98ce363d,FC Zenit Saint Petersburg,Russia
Zenit (Rus),98ce363d,FC Zenit Saint Petersburg,Russia
Zestafoni (Geo),c1322cab,FC Zestafoni,Georgia
Zeta (Mne),bda134f7,FK Zeta,Montenegro
Zhodino (Blr),f7e8060a,FC Torpedo-BelAZ Zhodino,Belarus
Zilina (Svk),e5dea1f1,MŠK Žilina,Slovakia
Zimbru Chisinau (Mda),24cd860c,FC Zimbru Chișinău,Moldova
Zira (Aze),ffb7956e,Zira FK,Azerbaijan
Zrinjski (Bih),2a6cfcb2,HŠK Zrinjski Mostar,Bosnia and Herzegovina
Zurich,22a5a99c,FC Zürich,Switzerland
Zurich (Sui),22a5a99c,FC Zürich,Switzerland
Zwolle (Ned),e3db180b,PEC Zwolle,Netherlands
